ID lead;Ano de compra;Mês compra do produto;Dia da compra do produto;Quantidade de itens;Dia recebimento da compra;Recorrência de compra;N°Reclamações_Entrega;N°Reclamações_Produto;N°Reclamações_atendimento;;;;;;;;;;;;;;;;
2136;2019;12;3;5;5;3;1;0;0;;;;;;;;;;;;;;;;
2152;2019;3;7;5;8;3;1;0;0;;;;;;;;;;;;;;;;
2254;2019;2;10;3;11;3;1;0;1;;;;;;;;;;;;;;;;
2263;2019;8;18;9;19;1;1;0;0;;;;;;;;;;;;;;;;
2294;2019;11;1;8;2;2;0;0;0;;;;;;;;;;;;;;;;
2241;2019;7;28;1;29;0;1;0;0;;;;;;;;;;;;;;;;
2245;2019;9;14;10;15;0;1;0;0;;;;;;;;;;;;;;;;
2148;2019;3;20;1;21;2;1;0;0;;;;;;;;;;;;;;;;
2120;2019;5;3;3;4;2;1;0;0;;;;;;;;;;;;;;;;
2181;2019;11;13;4;14;3;0;0;0;;;;;;;;;;;;;;;;
2274;2019;6;9;9;10;3;0;0;0;;;;;;;;;;;;;;;;
2303;2019;8;1;7;2;0;0;1;0;;;;;;;;;;;;;;;;
2221;2019;7;17;10;18;2;1;0;0;;;;;;;;;;;;;;;;
2275;2019;12;15;7;16;3;0;0;0;;;;;;;;;;;;;;;;
2295;2019;2;19;8;20;2;0;0;0;;;;;;;;;;;;;;;;
2165;2019;5;11;9;12;2;1;0;0;;;;;;;;;;;;;;;;
2119;2019;10;24;3;25;3;1;0;0;;;;;;;;;;;;;;;;
2205;2019;2;2;5;3;3;1;0;0;;;;;;;;;;;;;;;;
2288;2019;12;6;8;7;3;0;0;0;;;;;;;;;;;;;;;;
2291;2019;4;17;2;18;3;1;0;0;;;;;;;;;;;;;;;;
2302;2019;8;26;7;27;0;1;0;0;;;;;;;;;;;;;;;;
2311;2019;7;6;6;7;2;1;0;0;;;;;;;;;;;;;;;;
2259;2019;5;6;9;7;2;0;0;0;;;;;;;;;;;;;;;;
2197;2019;8;15;6;16;2;0;0;0;;;;;;;;;;;;;;;;
2313;2019;1;20;10;21;3;0;0;0;;;;;;;;;;;;;;;;
2133;2019;6;1;3;2;3;1;0;0;;;;;;;;;;;;;;;;
2179;2019;10;22;8;23;3;1;0;0;;;;;;;;;;;;;;;;
2207;2019;10;25;7;26;0;0;0;0;;;;;;;;;;;;;;;;
2203;2019;11;16;8;17;2;1;0;0;;;;;;;;;;;;;;;;
2243;2019;11;1;7;2;2;0;0;0;;;;;;;;;;;;;;;;
2243;2019;11;17;2;18;2;0;0;0;;;;;;;;;;;;;;;;
2249;2019;2;22;5;23;3;0;0;0;;;;;;;;;;;;;;;;
2165;2019;2;14;1;15;2;0;0;0;;;;;;;;;;;;;;;;
2161;2019;11;13;10;14;0;1;0;0;;;;;;;;;;;;;;;;
2181;2019;4;4;5;5;0;0;0;0;;;;;;;;;;;;;;;;
2315;2019;9;10;1;11;1;1;0;0;;;;;;;;;;;;;;;;
2133;2019;9;10;9;11;1;0;0;0;;;;;;;;;;;;;;;;
2184;2019;3;14;1;15;3;0;0;0;;;;;;;;;;;;;;;;
2269;2019;5;22;10;23;3;0;0;0;;;;;;;;;;;;;;;;
2291;2019;11;18;5;19;3;1;0;0;;;;;;;;;;;;;;;;
2168;2019;7;14;10;15;0;0;0;0;;;;;;;;;;;;;;;;
2204;2019;4;13;1;14;1;1;0;0;;;;;;;;;;;;;;;;
2221;2019;9;14;7;15;3;1;0;0;;;;;;;;;;;;;;;;
2239;2019;8;9;4;10;3;0;0;0;;;;;;;;;;;;;;;;
2288;2019;12;16;10;17;2;0;0;0;;;;;;;;;;;;;;;;
2238;2019;6;19;10;20;1;1;0;0;;;;;;;;;;;;;;;;
2145;2019;6;26;10;27;1;1;0;0;;;;;;;;;;;;;;;;
2172;2019;5;25;2;26;2;1;0;0;;;;;;;;;;;;;;;;
2172;2019;10;14;10;15;2;1;0;0;;;;;;;;;;;;;;;;
2245;2019;2;12;7;13;3;1;0;0;;;;;;;;;;;;;;;;
2230;2019;2;2;9;3;2;0;0;0;;;;;;;;;;;;;;;;
2142;2019;12;25;3;26;0;0;0;0;;;;;;;;;;;;;;;;
2295;2019;7;28;2;29;3;0;0;0;;;;;;;;;;;;;;;;
2223;2019;6;10;2;11;3;0;0;0;;;;;;;;;;;;;;;;
2279;2019;3;19;3;20;0;1;0;0;;;;;;;;;;;;;;;;
2164;2019;6;20;5;21;1;0;0;0;;;;;;;;;;;;;;;;
2128;2019;5;12;6;13;0;0;0;0;;;;;;;;;;;;;;;;
2126;2019;12;12;3;13;3;1;0;0;;;;;;;;;;;;;;;;
2318;2019;12;5;1;6;0;0;0;0;;;;;;;;;;;;;;;;
2276;2019;9;7;3;8;0;1;0;0;;;;;;;;;;;;;;;;
2145;2019;1;9;4;10;0;1;0;0;;;;;;;;;;;;;;;;
2172;2019;11;1;8;2;0;0;0;0;;;;;;;;;;;;;;;;
2267;2019;2;6;5;7;2;0;0;0;;;;;;;;;;;;;;;;
2137;2019;7;22;8;23;0;1;0;0;;;;;;;;;;;;;;;;
2127;2019;6;14;9;15;2;0;0;1;;;;;;;;;;;;;;;;
2144;2019;6;8;1;9;2;0;0;0;;;;;;;;;;;;;;;;
2271;2019;5;14;4;15;2;1;0;0;;;;;;;;;;;;;;;;
2216;2019;8;5;7;6;0;0;0;0;;;;;;;;;;;;;;;;
2231;2019;2;1;8;2;2;0;0;0;;;;;;;;;;;;;;;;
2286;2019;5;26;3;27;2;1;0;0;;;;;;;;;;;;;;;;
2171;2019;4;22;1;23;3;1;0;0;;;;;;;;;;;;;;;;
2151;2019;4;17;3;18;0;0;0;0;;;;;;;;;;;;;;;;
2267;2019;7;21;8;22;0;0;0;0;;;;;;;;;;;;;;;;
2306;2019;7;12;4;13;0;1;0;0;;;;;;;;;;;;;;;;
2270;2019;10;23;7;24;0;0;0;0;;;;;;;;;;;;;;;;
2158;2019;4;19;8;20;2;0;0;0;;;;;;;;;;;;;;;;
2147;2019;10;12;9;13;1;1;0;0;;;;;;;;;;;;;;;;
2193;2019;1;2;2;3;1;0;1;0;;;;;;;;;;;;;;;;
2314;2019;12;13;9;14;0;1;0;0;;;;;;;;;;;;;;;;
2304;2019;8;16;4;17;1;0;0;0;;;;;;;;;;;;;;;;
2162;2019;5;8;6;9;2;1;0;0;;;;;;;;;;;;;;;;
2220;2019;12;16;6;17;0;1;0;0;;;;;;;;;;;;;;;;
2202;2019;11;7;4;8;3;0;0;0;;;;;;;;;;;;;;;;
2133;2019;3;25;10;26;2;1;0;0;;;;;;;;;;;;;;;;
2219;2019;9;19;10;20;1;1;0;0;;;;;;;;;;;;;;;;
2208;2019;3;26;6;27;2;0;0;0;;;;;;;;;;;;;;;;
2288;2019;1;19;2;20;2;1;0;0;;;;;;;;;;;;;;;;
2177;2019;2;27;8;28;0;0;0;0;;;;;;;;;;;;;;;;
2294;2019;7;12;2;13;2;0;0;0;;;;;;;;;;;;;;;;
2314;2019;6;8;9;9;0;1;0;0;;;;;;;;;;;;;;;;
2129;2019;6;1;1;2;2;1;0;0;;;;;;;;;;;;;;;;
2121;2019;8;17;1;18;0;1;1;0;;;;;;;;;;;;;;;;
2167;2019;7;9;7;10;1;0;0;0;;;;;;;;;;;;;;;;
2119;2019;8;7;10;8;2;1;1;0;;;;;;;;;;;;;;;;
2217;2019;2;11;9;12;2;1;0;0;;;;;;;;;;;;;;;;
2283;2019;8;24;8;25;2;1;0;0;;;;;;;;;;;;;;;;
2163;2019;12;27;7;28;1;1;0;0;;;;;;;;;;;;;;;;
2248;2019;7;8;6;9;2;0;0;0;;;;;;;;;;;;;;;;
2208;2019;6;15;7;16;1;1;0;1;;;;;;;;;;;;;;;;
2250;2019;9;15;4;16;1;1;0;0;;;;;;;;;;;;;;;;
2124;2019;1;25;10;26;3;0;0;0;;;;;;;;;;;;;;;;
2260;2019;7;28;9;29;0;0;1;0;;;;;;;;;;;;;;;;
2246;2019;10;4;6;5;3;1;0;0;;;;;;;;;;;;;;;;
2129;2019;3;21;1;22;0;1;0;0;;;;;;;;;;;;;;;;
2246;2019;9;14;7;15;1;0;0;0;;;;;;;;;;;;;;;;
2185;2019;10;15;6;16;3;0;0;0;;;;;;;;;;;;;;;;
2296;2019;8;13;2;14;1;0;0;0;;;;;;;;;;;;;;;;
2259;2019;1;8;2;9;2;0;0;0;;;;;;;;;;;;;;;;
2299;2019;10;27;5;28;0;0;0;0;;;;;;;;;;;;;;;;
2318;2019;1;18;2;19;0;1;0;0;;;;;;;;;;;;;;;;
2222;2019;12;9;9;10;3;1;0;0;;;;;;;;;;;;;;;;
2231;2019;11;5;3;6;1;0;0;0;;;;;;;;;;;;;;;;
2131;2019;10;18;10;19;0;1;0;0;;;;;;;;;;;;;;;;
2272;2019;1;18;5;19;3;1;0;1;;;;;;;;;;;;;;;;
2264;2019;9;12;6;13;3;0;0;0;;;;;;;;;;;;;;;;
2119;2019;4;5;8;6;3;1;0;0;;;;;;;;;;;;;;;;
2262;2019;10;10;3;11;0;0;0;0;;;;;;;;;;;;;;;;
2297;2019;8;5;3;6;0;0;0;0;;;;;;;;;;;;;;;;
2214;2019;6;25;9;26;3;1;0;0;;;;;;;;;;;;;;;;
2141;2019;8;27;7;28;3;1;0;0;;;;;;;;;;;;;;;;
2125;2019;8;8;10;9;3;0;0;0;;;;;;;;;;;;;;;;
2262;2019;9;7;8;8;0;0;0;0;;;;;;;;;;;;;;;;
2204;2019;10;12;2;13;0;1;0;0;;;;;;;;;;;;;;;;
2152;2019;8;26;5;27;2;1;0;0;;;;;;;;;;;;;;;;
2200;2019;1;3;8;4;0;0;0;0;;;;;;;;;;;;;;;;
2246;2019;8;24;2;25;1;0;0;0;;;;;;;;;;;;;;;;
2164;2019;2;13;4;14;2;1;0;0;;;;;;;;;;;;;;;;
2263;2019;5;15;10;16;1;0;0;0;;;;;;;;;;;;;;;;
2303;2019;2;4;4;5;1;1;0;0;;;;;;;;;;;;;;;;
2181;2019;6;1;8;2;1;0;0;0;;;;;;;;;;;;;;;;
2173;2019;3;9;5;10;2;0;0;0;;;;;;;;;;;;;;;;
2289;2019;4;5;4;6;1;1;0;1;;;;;;;;;;;;;;;;
2300;2019;12;13;4;14;0;0;0;0;;;;;;;;;;;;;;;;
2180;2019;2;27;6;28;1;0;0;0;;;;;;;;;;;;;;;;
2179;2019;9;8;6;9;0;1;0;0;;;;;;;;;;;;;;;;
2158;2019;6;14;8;15;2;1;0;0;;;;;;;;;;;;;;;;
2173;2019;6;12;8;13;0;1;0;0;;;;;;;;;;;;;;;;
2228;2019;1;15;1;16;2;1;0;0;;;;;;;;;;;;;;;;
2285;2019;6;24;7;25;0;0;0;0;;;;;;;;;;;;;;;;
2194;2019;2;8;6;9;1;1;0;0;;;;;;;;;;;;;;;;
2185;2019;8;10;8;11;0;0;0;0;;;;;;;;;;;;;;;;
2243;2019;9;27;6;28;0;0;0;0;;;;;;;;;;;;;;;;
2188;2019;1;26;5;27;1;1;0;0;;;;;;;;;;;;;;;;
2147;2019;5;11;10;12;3;1;0;1;;;;;;;;;;;;;;;;
2162;2019;9;11;6;12;3;0;0;0;;;;;;;;;;;;;;;;
2231;2019;5;23;7;24;0;0;0;0;;;;;;;;;;;;;;;;
2241;2019;7;21;2;22;0;1;0;0;;;;;;;;;;;;;;;;
2315;2019;11;7;3;8;1;1;0;0;;;;;;;;;;;;;;;;
2187;2019;6;22;8;23;1;1;0;0;;;;;;;;;;;;;;;;
2280;2019;3;9;1;10;1;0;0;0;;;;;;;;;;;;;;;;
2274;2019;7;2;3;3;1;1;0;1;;;;;;;;;;;;;;;;
2304;2019;5;7;8;8;0;1;0;0;;;;;;;;;;;;;;;;
2243;2019;12;19;10;20;0;0;0;0;;;;;;;;;;;;;;;;
2247;2019;5;1;6;2;0;1;0;0;;;;;;;;;;;;;;;;
2180;2019;12;16;4;17;0;0;0;0;;;;;;;;;;;;;;;;
2132;2019;6;25;10;26;2;1;0;0;;;;;;;;;;;;;;;;
2281;2019;9;8;10;9;0;0;0;0;;;;;;;;;;;;;;;;
2203;2019;1;23;1;24;3;0;0;0;;;;;;;;;;;;;;;;
2214;2019;4;26;1;27;1;0;0;0;;;;;;;;;;;;;;;;
2128;2019;5;25;10;26;0;1;0;0;;;;;;;;;;;;;;;;
2170;2019;12;19;3;20;3;1;0;0;;;;;;;;;;;;;;;;
2203;2019;12;25;3;26;3;0;0;0;;;;;;;;;;;;;;;;
2205;2019;2;1;6;2;0;1;0;0;;;;;;;;;;;;;;;;
2165;2019;9;15;4;16;1;1;0;0;;;;;;;;;;;;;;;;
2146;2019;1;28;9;29;1;0;0;0;;;;;;;;;;;;;;;;
2204;2019;10;22;3;23;3;1;0;0;;;;;;;;;;;;;;;;
2282;2019;1;11;3;12;2;0;0;0;;;;;;;;;;;;;;;;
2290;2019;7;2;4;3;1;1;0;0;;;;;;;;;;;;;;;;
2270;2019;1;15;5;16;2;0;0;0;;;;;;;;;;;;;;;;
2126;2019;10;15;2;16;3;0;0;0;;;;;;;;;;;;;;;;
2145;2019;12;6;10;7;0;1;0;0;;;;;;;;;;;;;;;;
2149;2019;12;16;6;17;2;1;0;0;;;;;;;;;;;;;;;;
2208;2019;2;3;6;4;3;0;0;0;;;;;;;;;;;;;;;;
2314;2019;4;20;5;21;3;0;0;0;;;;;;;;;;;;;;;;
2279;2019;9;12;9;13;0;0;0;0;;;;;;;;;;;;;;;;
2132;2019;3;9;8;10;0;1;0;0;;;;;;;;;;;;;;;;
2182;2019;2;2;5;3;3;0;0;0;;;;;;;;;;;;;;;;
2255;2019;7;8;4;9;0;0;0;0;;;;;;;;;;;;;;;;
2126;2019;3;23;4;24;2;1;1;0;;;;;;;;;;;;;;;;
2250;2019;10;19;10;20;1;0;1;0;;;;;;;;;;;;;;;;
2191;2019;11;8;5;9;3;0;1;0;;;;;;;;;;;;;;;;
2146;2019;12;17;5;18;1;0;1;0;;;;;;;;;;;;;;;;
2161;2019;11;7;9;8;3;0;0;0;;;;;;;;;;;;;;;;
2284;2019;3;16;7;17;0;1;0;0;;;;;;;;;;;;;;;;
2206;2019;7;11;9;12;3;1;0;0;;;;;;;;;;;;;;;;
2207;2019;2;9;5;10;0;1;0;0;;;;;;;;;;;;;;;;
2218;2019;6;1;9;2;1;0;0;0;;;;;;;;;;;;;;;;
2119;2019;4;8;4;9;0;1;1;0;;;;;;;;;;;;;;;;
2121;2019;3;16;3;17;0;0;0;0;;;;;;;;;;;;;;;;
2295;2019;12;4;2;5;1;1;0;0;;;;;;;;;;;;;;;;
2318;2019;10;7;8;8;2;0;0;0;;;;;;;;;;;;;;;;
2287;2019;7;13;10;14;1;1;0;0;;;;;;;;;;;;;;;;
2237;2019;10;25;9;26;0;0;0;0;;;;;;;;;;;;;;;;
2156;2019;8;21;10;22;1;1;0;0;;;;;;;;;;;;;;;;
2194;2019;8;1;9;2;0;1;0;0;;;;;;;;;;;;;;;;
2171;2019;7;3;9;4;3;1;0;0;;;;;;;;;;;;;;;;
2146;2019;10;22;9;23;3;1;0;0;;;;;;;;;;;;;;;;
2310;2019;7;24;4;25;1;1;0;0;;;;;;;;;;;;;;;;
2211;2019;6;13;6;14;0;1;0;0;;;;;;;;;;;;;;;;
2248;2019;6;24;5;25;2;1;0;1;;;;;;;;;;;;;;;;
2176;2019;5;5;9;6;2;1;0;0;;;;;;;;;;;;;;;;
2289;2019;1;6;2;7;2;1;0;0;;;;;;;;;;;;;;;;
2286;2019;5;20;10;21;0;0;0;0;;;;;;;;;;;;;;;;
2162;2019;10;24;4;25;0;1;0;0;;;;;;;;;;;;;;;;
2298;2019;2;4;5;5;1;1;0;0;;;;;;;;;;;;;;;;
2196;2019;11;26;8;27;0;1;0;0;;;;;;;;;;;;;;;;
2155;2019;7;28;4;29;1;0;0;0;;;;;;;;;;;;;;;;
2146;2019;12;13;8;14;2;1;0;0;;;;;;;;;;;;;;;;
2196;2019;6;5;1;6;2;1;0;0;;;;;;;;;;;;;;;;
2192;2019;8;13;3;14;0;0;0;0;;;;;;;;;;;;;;;;
2150;2019;10;2;9;3;1;1;0;0;;;;;;;;;;;;;;;;
2170;2019;5;28;7;29;3;1;0;0;;;;;;;;;;;;;;;;
2289;2019;5;27;2;28;2;0;0;0;;;;;;;;;;;;;;;;
2210;2019;6;27;9;28;1;0;0;0;;;;;;;;;;;;;;;;
2217;2019;8;10;9;11;3;1;0;0;;;;;;;;;;;;;;;;
2200;2019;11;26;6;27;0;0;0;0;;;;;;;;;;;;;;;;
2203;2019;1;12;4;13;0;1;0;0;;;;;;;;;;;;;;;;
2183;2019;2;12;5;13;3;1;0;0;;;;;;;;;;;;;;;;
2308;2019;11;15;1;16;2;0;0;0;;;;;;;;;;;;;;;;
2260;2019;11;23;7;24;1;1;0;0;;;;;;;;;;;;;;;;
2243;2019;6;20;9;21;1;1;0;0;;;;;;;;;;;;;;;;
2246;2019;2;28;8;29;1;0;0;0;;;;;;;;;;;;;;;;
2219;2019;9;22;2;23;3;0;0;0;;;;;;;;;;;;;;;;
2270;2019;11;12;2;13;1;1;0;0;;;;;;;;;;;;;;;;
2246;2019;10;13;3;14;2;1;0;0;;;;;;;;;;;;;;;;
2121;2019;10;18;3;19;3;1;0;0;;;;;;;;;;;;;;;;
2285;2019;9;18;3;19;1;0;0;0;;;;;;;;;;;;;;;;
2318;2019;9;10;5;11;3;1;0;0;;;;;;;;;;;;;;;;
2212;2019;12;24;5;25;3;0;0;0;;;;;;;;;;;;;;;;
2261;2019;6;6;3;7;3;1;0;0;;;;;;;;;;;;;;;;
2176;2019;9;19;7;20;2;0;0;0;;;;;;;;;;;;;;;;
2198;2019;8;2;10;3;1;1;0;0;;;;;;;;;;;;;;;;
2288;2019;10;1;5;2;3;1;0;0;;;;;;;;;;;;;;;;
2241;2019;5;6;9;7;2;0;0;0;;;;;;;;;;;;;;;;
2193;2019;3;14;4;15;1;0;0;0;;;;;;;;;;;;;;;;
2318;2019;3;3;10;4;0;0;0;0;;;;;;;;;;;;;;;;
2138;2019;12;19;1;20;0;0;0;0;;;;;;;;;;;;;;;;
2287;2019;12;13;7;14;3;0;0;0;;;;;;;;;;;;;;;;
2171;2019;10;6;8;7;2;0;0;0;;;;;;;;;;;;;;;;
2174;2019;11;1;5;2;1;1;0;0;;;;;;;;;;;;;;;;
2296;2019;12;12;4;13;3;1;0;0;;;;;;;;;;;;;;;;
2272;2019;3;20;3;21;0;1;0;0;;;;;;;;;;;;;;;;
2134;2019;3;6;4;7;3;1;0;0;;;;;;;;;;;;;;;;
2311;2019;4;9;5;10;3;1;0;0;;;;;;;;;;;;;;;;
2190;2019;9;18;9;19;2;0;0;0;;;;;;;;;;;;;;;;
2196;2019;11;11;10;12;2;1;0;0;;;;;;;;;;;;;;;;
2200;2019;2;5;10;6;0;1;0;0;;;;;;;;;;;;;;;;
2139;2019;9;17;6;18;1;0;0;0;;;;;;;;;;;;;;;;
2197;2019;11;11;8;12;0;1;0;0;;;;;;;;;;;;;;;;
2131;2019;8;23;10;24;3;0;0;0;;;;;;;;;;;;;;;;
2147;2019;4;15;1;16;3;0;0;0;;;;;;;;;;;;;;;;
2128;2019;12;27;6;28;0;1;0;0;;;;;;;;;;;;;;;;
2244;2019;4;24;5;25;1;0;0;0;;;;;;;;;;;;;;;;
2256;2019;1;25;6;26;2;0;0;0;;;;;;;;;;;;;;;;
2284;2019;8;8;8;9;3;1;0;0;;;;;;;;;;;;;;;;
2302;2019;8;4;10;5;1;1;0;0;;;;;;;;;;;;;;;;
2283;2019;9;8;4;9;3;0;1;0;;;;;;;;;;;;;;;;
2195;2019;8;28;4;29;1;1;0;0;;;;;;;;;;;;;;;;
2246;2019;5;8;8;9;2;0;0;0;;;;;;;;;;;;;;;;
2152;2019;3;26;8;27;0;0;0;0;;;;;;;;;;;;;;;;
2290;2019;3;11;3;12;2;1;0;0;;;;;;;;;;;;;;;;
2233;2019;11;9;3;10;0;1;0;0;;;;;;;;;;;;;;;;
2229;2019;9;12;6;13;2;0;0;0;;;;;;;;;;;;;;;;
2307;2019;5;5;6;6;0;1;0;0;;;;;;;;;;;;;;;;
2212;2019;1;6;2;7;0;0;0;0;;;;;;;;;;;;;;;;
2270;2019;3;3;2;4;3;0;0;0;;;;;;;;;;;;;;;;
2191;2019;11;1;4;2;3;1;0;0;;;;;;;;;;;;;;;;
2195;2019;12;26;1;27;3;1;0;0;;;;;;;;;;;;;;;;
2290;2019;3;4;6;5;2;1;0;0;;;;;;;;;;;;;;;;
2287;2019;12;14;1;15;3;0;0;0;;;;;;;;;;;;;;;;
2159;2019;11;24;4;25;1;0;0;0;;;;;;;;;;;;;;;;
2201;2019;5;3;4;4;0;0;0;0;;;;;;;;;;;;;;;;
2197;2019;4;28;8;29;2;0;0;0;;;;;;;;;;;;;;;;
2143;2019;5;2;4;3;0;0;0;0;;;;;;;;;;;;;;;;
2234;2019;1;6;10;7;3;1;0;0;;;;;;;;;;;;;;;;
2145;2019;3;3;10;4;1;1;0;0;;;;;;;;;;;;;;;;
2213;2019;8;21;9;22;0;1;0;0;;;;;;;;;;;;;;;;
2316;2019;10;21;8;22;1;0;0;0;;;;;;;;;;;;;;;;
2133;2019;12;23;5;24;3;1;0;0;;;;;;;;;;;;;;;;
2310;2019;1;18;2;19;0;0;0;0;;;;;;;;;;;;;;;;
2316;2019;11;17;8;18;3;1;0;0;;;;;;;;;;;;;;;;
2153;2019;1;10;1;11;1;0;0;0;;;;;;;;;;;;;;;;
2121;2019;2;7;3;8;0;1;0;0;;;;;;;;;;;;;;;;
2166;2019;2;23;4;24;3;1;0;0;;;;;;;;;;;;;;;;
2189;2019;8;4;1;5;3;0;0;0;;;;;;;;;;;;;;;;
2285;2019;10;11;4;12;3;1;0;0;;;;;;;;;;;;;;;;
2237;2019;6;20;5;21;0;0;1;0;;;;;;;;;;;;;;;;
2280;2019;9;22;7;23;2;0;0;0;;;;;;;;;;;;;;;;
2205;2019;7;1;10;2;1;1;0;0;;;;;;;;;;;;;;;;
2278;2019;12;6;7;7;3;1;0;0;;;;;;;;;;;;;;;;
2302;2019;12;4;1;5;1;1;0;0;;;;;;;;;;;;;;;;
2163;2019;1;14;4;15;1;0;0;0;;;;;;;;;;;;;;;;
2283;2019;2;11;10;12;0;1;0;0;;;;;;;;;;;;;;;;
2290;2019;3;1;3;2;1;0;0;0;;;;;;;;;;;;;;;;
2143;2019;7;25;4;26;1;1;0;0;;;;;;;;;;;;;;;;
2182;2019;11;14;9;15;2;1;0;0;;;;;;;;;;;;;;;;
2238;2019;8;25;10;26;3;0;0;0;;;;;;;;;;;;;;;;
2232;2019;6;25;5;26;1;0;0;0;;;;;;;;;;;;;;;;
2164;2019;3;20;10;21;2;0;0;0;;;;;;;;;;;;;;;;
2210;2019;7;1;9;2;3;0;0;0;;;;;;;;;;;;;;;;
2195;2019;5;27;7;28;3;1;0;1;;;;;;;;;;;;;;;;
2129;2019;12;16;5;17;1;0;0;0;;;;;;;;;;;;;;;;
2119;2019;5;11;1;12;1;1;0;0;;;;;;;;;;;;;;;;
2208;2019;9;25;4;26;0;1;0;0;;;;;;;;;;;;;;;;
2181;2019;3;13;8;14;1;0;0;0;;;;;;;;;;;;;;;;
2287;2019;6;4;3;5;0;1;0;0;;;;;;;;;;;;;;;;
2167;2019;10;15;5;16;3;1;0;0;;;;;;;;;;;;;;;;
2118;2019;1;5;7;6;0;1;0;0;;;;;;;;;;;;;;;;
2191;2019;6;8;4;9;3;0;0;0;;;;;;;;;;;;;;;;
2257;2019;11;5;10;6;1;1;0;0;;;;;;;;;;;;;;;;
2289;2019;3;9;5;10;0;0;0;0;;;;;;;;;;;;;;;;
2245;2019;12;17;8;18;3;0;0;0;;;;;;;;;;;;;;;;
2137;2019;12;3;4;4;3;0;0;0;;;;;;;;;;;;;;;;
2162;2019;8;8;1;9;3;0;0;0;;;;;;;;;;;;;;;;
2212;2019;7;18;10;19;2;1;0;0;;;;;;;;;;;;;;;;
2121;2019;5;10;1;11;1;0;0;0;;;;;;;;;;;;;;;;
2178;2019;9;24;9;25;1;1;0;0;;;;;;;;;;;;;;;;
2227;2019;2;18;9;19;0;1;0;0;;;;;;;;;;;;;;;;
2221;2019;8;10;5;11;0;1;0;0;;;;;;;;;;;;;;;;
2170;2019;5;10;4;11;3;1;0;0;;;;;;;;;;;;;;;;
2271;2019;10;14;1;15;1;0;0;0;;;;;;;;;;;;;;;;
2228;2019;2;11;5;12;2;1;0;0;;;;;;;;;;;;;;;;
2265;2019;8;28;8;29;1;1;0;0;;;;;;;;;;;;;;;;
2238;2019;10;21;2;22;1;1;0;0;;;;;;;;;;;;;;;;
2213;2019;5;24;4;25;0;0;0;0;;;;;;;;;;;;;;;;
2271;2019;4;8;5;9;0;0;0;0;;;;;;;;;;;;;;;;
2118;2019;7;4;4;5;2;0;0;0;;;;;;;;;;;;;;;;
2259;2019;5;14;2;15;3;1;0;0;;;;;;;;;;;;;;;;
2152;2019;11;6;8;7;0;0;0;0;;;;;;;;;;;;;;;;
2276;2019;1;20;8;21;2;1;0;0;;;;;;;;;;;;;;;;
2299;2019;3;17;9;18;2;1;0;0;;;;;;;;;;;;;;;;
2241;2019;7;19;8;20;1;1;0;0;;;;;;;;;;;;;;;;
2289;2019;3;15;7;16;2;1;0;0;;;;;;;;;;;;;;;;
2140;2019;7;6;10;7;1;0;0;0;;;;;;;;;;;;;;;;
2157;2019;8;22;1;23;1;0;0;0;;;;;;;;;;;;;;;;
2166;2019;9;21;3;22;3;1;0;0;;;;;;;;;;;;;;;;
2282;2019;12;15;3;16;2;1;1;0;;;;;;;;;;;;;;;;
2164;2019;3;1;4;2;1;1;0;0;;;;;;;;;;;;;;;;
2269;2019;10;9;2;10;0;0;0;0;;;;;;;;;;;;;;;;
2286;2019;6;8;4;9;3;1;0;0;;;;;;;;;;;;;;;;
2125;2019;9;11;1;12;1;0;0;0;;;;;;;;;;;;;;;;
2148;2019;10;19;7;20;2;0;0;0;;;;;;;;;;;;;;;;
2197;2019;9;12;5;13;0;1;0;0;;;;;;;;;;;;;;;;
2302;2019;4;23;6;24;3;1;0;0;;;;;;;;;;;;;;;;
2127;2019;9;18;8;19;1;1;0;0;;;;;;;;;;;;;;;;
2137;2019;2;17;10;18;3;0;0;0;;;;;;;;;;;;;;;;
2214;2019;4;21;2;22;2;0;0;0;;;;;;;;;;;;;;;;
2139;2019;4;20;10;21;3;1;0;0;;;;;;;;;;;;;;;;
2279;2019;1;14;1;15;0;0;0;0;;;;;;;;;;;;;;;;
2281;2019;5;11;10;12;3;1;0;0;;;;;;;;;;;;;;;;
2314;2019;8;14;3;15;3;1;0;0;;;;;;;;;;;;;;;;
2129;2019;12;10;1;11;3;1;0;0;;;;;;;;;;;;;;;;
2315;2019;7;22;8;23;3;1;0;0;;;;;;;;;;;;;;;;
2290;2019;4;1;10;2;2;0;0;0;;;;;;;;;;;;;;;;
2207;2019;1;2;10;3;3;1;0;0;;;;;;;;;;;;;;;;
2286;2019;4;9;9;10;3;1;0;0;;;;;;;;;;;;;;;;
2258;2019;2;27;2;28;2;0;0;0;;;;;;;;;;;;;;;;
2245;2019;11;10;9;11;0;1;0;0;;;;;;;;;;;;;;;;
2164;2019;10;28;3;29;2;0;0;0;;;;;;;;;;;;;;;;
2166;2019;1;11;2;12;0;1;0;0;;;;;;;;;;;;;;;;
2234;2019;5;27;2;28;0;1;0;0;;;;;;;;;;;;;;;;
2216;2019;10;19;5;20;2;1;0;0;;;;;;;;;;;;;;;;
2165;2019;10;10;7;11;2;0;0;0;;;;;;;;;;;;;;;;
2288;2019;2;10;6;11;0;0;0;0;;;;;;;;;;;;;;;;
2136;2019;11;25;9;26;3;1;0;0;;;;;;;;;;;;;;;;
2219;2019;10;21;2;22;3;1;0;0;;;;;;;;;;;;;;;;
2170;2019;5;20;10;21;2;0;0;0;;;;;;;;;;;;;;;;
2234;2019;10;23;1;24;3;1;0;0;;;;;;;;;;;;;;;;
2292;2019;5;20;6;21;1;1;0;0;;;;;;;;;;;;;;;;
2297;2019;10;7;1;8;0;0;0;0;;;;;;;;;;;;;;;;
2250;2019;6;6;1;7;0;0;0;0;;;;;;;;;;;;;;;;
2126;2019;11;3;9;4;3;0;0;0;;;;;;;;;;;;;;;;
2287;2019;8;9;6;10;2;1;0;0;;;;;;;;;;;;;;;;
2163;2019;5;28;1;29;0;0;0;0;;;;;;;;;;;;;;;;
2206;;12;8;1;9;0;0;0;0;;;;;;;;;;;;;;;;
2209;2019;10;21;7;22;2;0;0;0;;;;;;;;;;;;;;;;
2159;2019;2;15;9;16;2;0;0;0;;;;;;;;;;;;;;;;
2230;2019;2;15;6;16;3;1;0;1;;;;;;;;;;;;;;;;
2185;2019;3;18;5;19;0;0;0;0;;;;;;;;;;;;;;;;
2261;2019;10;28;8;29;1;0;0;0;;;;;;;;;;;;;;;;
2182;2019;8;3;2;4;2;0;0;0;;;;;;;;;;;;;;;;
2121;2019;3;16;2;17;2;1;0;0;;;;;;;;;;;;;;;;
2217;2019;2;27;2;28;2;1;0;0;;;;;;;;;;;;;;;;
2206;2019;11;13;7;14;2;1;0;0;;;;;;;;;;;;;;;;
2268;2019;2;19;5;20;0;0;0;0;;;;;;;;;;;;;;;;
2225;2019;6;10;5;11;1;0;0;0;;;;;;;;;;;;;;;;
2225;2019;9;17;10;18;2;0;0;0;;;;;;;;;;;;;;;;
2245;2019;4;7;9;8;1;1;0;0;;;;;;;;;;;;;;;;
2276;2019;10;6;4;7;2;0;0;0;;;;;;;;;;;;;;;;
2169;2019;3;20;5;21;1;0;0;0;;;;;;;;;;;;;;;;
2247;2019;12;1;5;2;1;0;0;0;;;;;;;;;;;;;;;;
2315;2019;11;20;10;21;2;0;0;0;;;;;;;;;;;;;;;;
2128;2019;6;13;8;14;2;0;0;0;;;;;;;;;;;;;;;;
2237;2019;8;11;3;12;3;1;0;0;;;;;;;;;;;;;;;;
2305;2019;7;6;5;7;1;0;1;0;;;;;;;;;;;;;;;;
2249;2019;3;3;7;4;0;0;0;0;;;;;;;;;;;;;;;;
2207;2019;4;13;5;14;1;0;0;0;;;;;;;;;;;;;;;;
2247;2019;4;10;4;11;1;1;0;0;;;;;;;;;;;;;;;;
2138;2019;3;14;8;15;0;1;1;0;;;;;;;;;;;;;;;;
;;;;;;;;;;;;;;;;;;;;;;;;;
;;;;;;;;;;;;;;;;;;;;;;;;;
;;;;;;;;;;;;;;;;;;;;;;;;;
;;;;;;;;;;;;;;;;;;;;;;;;;
;;;;;;;;;;;;;;;;;;;;;;;;;
;;;;;;;;;;;;;;;;;;;;;;;;;
;;;;;;;;;;;;;;;;;;;;;;;;;
;;;;;;;;;;;;;;;;;;;;;;;;;
;;;;;;;;;;;;;;;;;;;;;;;;;
;;;;;;;;;;;;;;;;;;;;;;;;;
;;;;;;;;;;;;;;;;;;;;;;;;;
;;;;;;;;;;;;;;;;;;;;;;;;;
;;;;;;;;;;;;;;;;;;;;;;;;;
;;;;;;;;;;;;;;;;;;;;;;;;;
;;;;;;;;;;;;;;;;;;;;;;;;;
;;;;;;;;;;;;;;;;;;;;;;;;;
;;;;;;;;;;;;;;;;;;;;;;;;;
;;;;;;;;;;;;;;;;;;;;;;;;;
;;;;;;;;;;;;;;;;;;;;;;;;;
;;;;;;;;;;;;;;;;;;;;;;;;;
;;;;;;;;;;;;;;;;;;;;;;;;;
;;;;;;;;;;;;;;;;;;;;;;;;;
;;;;;;;;;;;;;;;;;;;;;;;;;
;;;;;;;;;;;;;;;;;;;;;;;;;
;;;;;;;;;;;;;;;;;;;;;;;;;
;;;;;;;;;;;;;;;;;;;;;;;;;
;;;;;;;;;;;;;;;;;;;;;;;;;
;;;;;;;;;;;;;;;;;;;;;;;;;
;;;;;;;;;;;;;;;;;;;;;;;;;
;;;;;;;;;;;;;;;;;;;;;;;;;
;;;;;;;;;;;;;;;;;;;;;;;;;
;;;;;;;;;;;;;;;;;;;;;;;;;
;;;;;;;;;;;;;;;;;;;;;;;;;
;;;;;;;;;;;;;;;;;;;;;;;;;
;;;;;;;;;;;;;;;;;;;;;;;;;
;;;;;;;;;;;;;;;;;;;;;;;;;
;;;;;;;;;;;;;;;;;;;;;;;;;
;;;;;;;;;;;;;;;;;;;;;;;;;
;;;;;;;;;;;;;;;;;;;;;;;;;
;;;;;;;;;;;;;;;;;;;;;;;;;
;;;;;;;;;;;;;;;;;;;;;;;;;
;;;;;;;;;;;;;;;;;;;;;;;;;
;;;;;;;;;;;;;;;;;;;;;;;;;
;;;;;;;;;;;;;;;;;;;;;;;;;
;;;;;;;;;;;;;;;;;;;;;;;;;
;;;;;;;;;;;;;;;;;;;;;;;;;
;;;;;;;;;;;;;;;;;;;;;;;;;
;;;;;;;;;;;;;;;;;;;;;;;;;
;;;;;;;;;;;;;;;;;;;;;;;;;
;;;;;;;;;;;;;;;;;;;;;;;;;
;;;;;;;;;;;;;;;;;;;;;;;;;
;;;;;;;;;;;;;;;;;;;;;;;;;
;;;;;;;;;;;;;;;;;;;;;;;;;
;;;;;;;;;;;;;;;;;;;;;;;;;
;;;;;;;;;;;;;;;;;;;;;;;;;
;;;;;;;;;;;;;;;;;;;;;;;;;
;;;;;;;;;;;;;;;;;;;;;;;;;
;;;;;;;;;;;;;;;;;;;;;;;;;
;;;;;;;;;;;;;;;;;;;;;;;;;
;;;;;;;;;;;;;;;;;;;;;;;;;
;;;;;;;;;;;;;;;;;;;;;;;;;
;;;;;;;;;;;;;;;;;;;;;;;;;
;;;;;;;;;;;;;;;;;;;;;;;;;
;;;;;;;;;;;;;;;;;;;;;;;;;
;;;;;;;;;;;;;;;;;;;;;;;;;
;;;;;;;;;;;;;;;;;;;;;;;;;
;;;;;;;;;;;;;;;;;;;;;;;;;
;;;;;;;;;;;;;;;;;;;;;;;;;
;;;;;;;;;;;;;;;;;;;;;;;;;
;;;;;;;;;;;;;;;;;;;;;;;;;
;;;;;;;;;;;;;;;;;;;;;;;;;
;;;;;;;;;;;;;;;;;;;;;;;;;
;;;;;;;;;;;;;;;;;;;;;;;;;
;;;;;;;;;;;;;;;;;;;;;;;;;
;;;;;;;;;;;;;;;;;;;;;;;;;
;;;;;;;;;;;;;;;;;;;;;;;;;
;;;;;;;;;;;;;;;;;;;;;;;;;
;;;;;;;;;;;;;;;;;;;;;;;;;
;;;;;;;;;;;;;;;;;;;;;;;;;
;;;;;;;;;;;;;;;;;;;;;;;;;
;;;;;;;;;;;;;;;;;;;;;;;;;
;;;;;;;;;;;;;;;;;;;;;;;;;
;;;;;;;;;;;;;;;;;;;;;;;;;
;;;;;;;;;;;;;;;;;;;;;;;;;
;;;;;;;;;;;;;;;;;;;;;;;;;
;;;;;;;;;;;;;;;;;;;;;;;;;
;;;;;;;;;;;;;;;;;;;;;;;;;
;;;;;;;;;;;;;;;;;;;;;;;;;
;;;;;;;;;;;;;;;;;;;;;;;;;
;;;;;;;;;;;;;;;;;;;;;;;;;
;;;;;;;;;;;;;;;;;;;;;;;;;
;;;;;;;;;;;;;;;;;;;;;;;;;
;;;;;;;;;;;;;;;;;;;;;;;;;
;;;;;;;;;;;;;;;;;;;;;;;;;
;;;;;;;;;;;;;;;;;;;;;;;;;
;;;;;;;;;;;;;;;;;;;;;;;;;
;;;;;;;;;;;;;;;;;;;;;;;;;
;;;;;;;;;;;;;;;;;;;;;;;;;
;;;;;;;;;;;;;;;;;;;;;;;;;
;;;;;;;;;;;;;;;;;;;;;;;;;
;;;;;;;;;;;;;;;;;;;;;;;;;
;;;;;;;;;;;;;;;;;;;;;;;;;
;;;;;;;;;;;;;;;;;;;;;;;;;
;;;;;;;;;;;;;;;;;;;;;;;;;
;;;;;;;;;;;;;;;;;;;;;;;;;
;;;;;;;;;;;;;;;;;;;;;;;;;
;;;;;;;;;;;;;;;;;;;;;;;;;
;;;;;;;;;;;;;;;;;;;;;;;;;
;;;;;;;;;;;;;;;;;;;;;;;;;
;;;;;;;;;;;;;;;;;;;;;;;;;
;;;;;;;;;;;;;;;;;;;;;;;;;
;;;;;;;;;;;;;;;;;;;;;;;;;
;;;;;;;;;;;;;;;;;;;;;;;;;
;;;;;;;;;;;;;;;;;;;;;;;;;
;;;;;;;;;;;;;;;;;;;;;;;;;
;;;;;;;;;;;;;;;;;;;;;;;;;
;;;;;;;;;;;;;;;;;;;;;;;;;
;;;;;;;;;;;;;;;;;;;;;;;;;
;;;;;;;;;;;;;;;;;;;;;;;;;
;;;;;;;;;;;;;;;;;;;;;;;;;
;;;;;;;;;;;;;;;;;;;;;;;;;
;;;;;;;;;;;;;;;;;;;;;;;;;
;;;;;;;;;;;;;;;;;;;;;;;;;
;;;;;;;;;;;;;;;;;;;;;;;;;
;;;;;;;;;;;;;;;;;;;;;;;;;
;;;;;;;;;;;;;;;;;;;;;;;;;
;;;;;;;;;;;;;;;;;;;;;;;;;
;;;;;;;;;;;;;;;;;;;;;;;;;
;;;;;;;;;;;;;;;;;;;;;;;;;
;;;;;;;;;;;;;;;;;;;;;;;;;
;;;;;;;;;;;;;;;;;;;;;;;;;
;;;;;;;;;;;;;;;;;;;;;;;;;
;;;;;;;;;;;;;;;;;;;;;;;;;
;;;;;;;;;;;;;;;;;;;;;;;;;
;;;;;;;;;;;;;;;;;;;;;;;;;
;;;;;;;;;;;;;;;;;;;;;;;;;
;;;;;;;;;;;;;;;;;;;;;;;;;
;;;;;;;;;;;;;;;;;;;;;;;;;
;;;;;;;;;;;;;;;;;;;;;;;;;
;;;;;;;;;;;;;;;;;;;;;;;;;
;;;;;;;;;;;;;;;;;;;;;;;;;
;;;;;;;;;;;;;;;;;;;;;;;;;
;;;;;;;;;;;;;;;;;;;;;;;;;
;;;;;;;;;;;;;;;;;;;;;;;;;
;;;;;;;;;;;;;;;;;;;;;;;;;
;;;;;;;;;;;;;;;;;;;;;;;;;
;;;;;;;;;;;;;;;;;;;;;;;;;
;;;;;;;;;;;;;;;;;;;;;;;;;
;;;;;;;;;;;;;;;;;;;;;;;;;
;;;;;;;;;;;;;;;;;;;;;;;;;
;;;;;;;;;;;;;;;;;;;;;;;;;
;;;;;;;;;;;;;;;;;;;;;;;;;
;;;;;;;;;;;;;;;;;;;;;;;;;
;;;;;;;;;;;;;;;;;;;;;;;;;
;;;;;;;;;;;;;;;;;;;;;;;;;
;;;;;;;;;;;;;;;;;;;;;;;;;
;;;;;;;;;;;;;;;;;;;;;;;;;
;;;;;;;;;;;;;;;;;;;;;;;;;
;;;;;;;;;;;;;;;;;;;;;;;;;
;;;;;;;;;;;;;;;;;;;;;;;;;
;;;;;;;;;;;;;;;;;;;;;;;;;
;;;;;;;;;;;;;;;;;;;;;;;;;
;;;;;;;;;;;;;;;;;;;;;;;;;
;;;;;;;;;;;;;;;;;;;;;;;;;
;;;;;;;;;;;;;;;;;;;;;;;;;
;;;;;;;;;;;;;;;;;;;;;;;;;
;;;;;;;;;;;;;;;;;;;;;;;;;
;;;;;;;;;;;;;;;;;;;;;;;;;
;;;;;;;;;;;;;;;;;;;;;;;;;
;;;;;;;;;;;;;;;;;;;;;;;;;
;;;;;;;;;;;;;;;;;;;;;;;;;
;;;;;;;;;;;;;;;;;;;;;;;;;
;;;;;;;;;;;;;;;;;;;;;;;;;
;;;;;;;;;;;;;;;;;;;;;;;;;
;;;;;;;;;;;;;;;;;;;;;;;;;
;;;;;;;;;;;;;;;;;;;;;;;;;
;;;;;;;;;;;;;;;;;;;;;;;;;
;;;;;;;;;;;;;;;;;;;;;;;;;
;;;;;;;;;;;;;;;;;;;;;;;;;
;;;;;;;;;;;;;;;;;;;;;;;;;
;;;;;;;;;;;;;;;;;;;;;;;;;
;;;;;;;;;;;;;;;;;;;;;;;;;
;;;;;;;;;;;;;;;;;;;;;;;;;
;;;;;;;;;;;;;;;;;;;;;;;;;
;;;;;;;;;;;;;;;;;;;;;;;;;
;;;;;;;;;;;;;;;;;;;;;;;;;
;;;;;;;;;;;;;;;;;;;;;;;;;
;;;;;;;;;;;;;;;;;;;;;;;;;
;;;;;;;;;;;;;;;;;;;;;;;;;
;;;;;;;;;;;;;;;;;;;;;;;;;
;;;;;;;;;;;;;;;;;;;;;;;;;
;;;;;;;;;;;;;;;;;;;;;;;;;
;;;;;;;;;;;;;;;;;;;;;;;;;
;;;;;;;;;;;;;;;;;;;;;;;;;
;;;;;;;;;;;;;;;;;;;;;;;;;
;;;;;;;;;;;;;;;;;;;;;;;;;
;;;;;;;;;;;;;;;;;;;;;;;;;
;;;;;;;;;;;;;;;;;;;;;;;;;
;;;;;;;;;;;;;;;;;;;;;;;;;
;;;;;;;;;;;;;;;;;;;;;;;;;
;;;;;;;;;;;;;;;;;;;;;;;;;
;;;;;;;;;;;;;;;;;;;;;;;;;
;;;;;;;;;;;;;;;;;;;;;;;;;
;;;;;;;;;;;;;;;;;;;;;;;;;
;;;;;;;;;;;;;;;;;;;;;;;;;
;;;;;;;;;;;;;;;;;;;;;;;;;
;;;;;;;;;;;;;;;;;;;;;;;;;
;;;;;;;;;;;;;;;;;;;;;;;;;
;;;;;;;;;;;;;;;;;;;;;;;;;
;;;;;;;;;;;;;;;;;;;;;;;;;
;;;;;;;;;;;;;;;;;;;;;;;;;
;;;;;;;;;;;;;;;;;;;;;;;;;
;;;;;;;;;;;;;;;;;;;;;;;;;
;;;;;;;;;;;;;;;;;;;;;;;;;
;;;;;;;;;;;;;;;;;;;;;;;;;
;;;;;;;;;;;;;;;;;;;;;;;;;
;;;;;;;;;;;;;;;;;;;;;;;;;
;;;;;;;;;;;;;;;;;;;;;;;;;
;;;;;;;;;;;;;;;;;;;;;;;;;
;;;;;;;;;;;;;;;;;;;;;;;;;
;;;;;;;;;;;;;;;;;;;;;;;;;
;;;;;;;;;;;;;;;;;;;;;;;;;
;;;;;;;;;;;;;;;;;;;;;;;;;
;;;;;;;;;;;;;;;;;;;;;;;;;
;;;;;;;;;;;;;;;;;;;;;;;;;
;;;;;;;;;;;;;;;;;;;;;;;;;
;;;;;;;;;;;;;;;;;;;;;;;;;
;;;;;;;;;;;;;;;;;;;;;;;;;
;;;;;;;;;;;;;;;;;;;;;;;;;
;;;;;;;;;;;;;;;;;;;;;;;;;
;;;;;;;;;;;;;;;;;;;;;;;;;
;;;;;;;;;;;;;;;;;;;;;;;;;
;;;;;;;;;;;;;;;;;;;;;;;;;
;;;;;;;;;;;;;;;;;;;;;;;;;
;;;;;;;;;;;;;;;;;;;;;;;;;
;;;;;;;;;;;;;;;;;;;;;;;;;
;;;;;;;;;;;;;;;;;;;;;;;;;
;;;;;;;;;;;;;;;;;;;;;;;;;
;;;;;;;;;;;;;;;;;;;;;;;;;
;;;;;;;;;;;;;;;;;;;;;;;;;
;;;;;;;;;;;;;;;;;;;;;;;;;
;;;;;;;;;;;;;;;;;;;;;;;;;
;;;;;;;;;;;;;;;;;;;;;;;;;
;;;;;;;;;;;;;;;;;;;;;;;;;
;;;;;;;;;;;;;;;;;;;;;;;;;
;;;;;;;;;;;;;;;;;;;;;;;;;
;;;;;;;;;;;;;;;;;;;;;;;;;
;;;;;;;;;;;;;;;;;;;;;;;;;
;;;;;;;;;;;;;;;;;;;;;;;;;
;;;;;;;;;;;;;;;;;;;;;;;;;
;;;;;;;;;;;;;;;;;;;;;;;;;
;;;;;;;;;;;;;;;;;;;;;;;;;
;;;;;;;;;;;;;;;;;;;;;;;;;
;;;;;;;;;;;;;;;;;;;;;;;;;
;;;;;;;;;;;;;;;;;;;;;;;;;
;;;;;;;;;;;;;;;;;;;;;;;;;
;;;;;;;;;;;;;;;;;;;;;;;;;
;;;;;;;;;;;;;;;;;;;;;;;;;
;;;;;;;;;;;;;;;;;;;;;;;;;
;;;;;;;;;;;;;;;;;;;;;;;;;
;;;;;;;;;;;;;;;;;;;;;;;;;
;;;;;;;;;;;;;;;;;;;;;;;;;
;;;;;;;;;;;;;;;;;;;;;;;;;
;;;;;;;;;;;;;;;;;;;;;;;;;
;;;;;;;;;;;;;;;;;;;;;;;;;
;;;;;;;;;;;;;;;;;;;;;;;;;
;;;;;;;;;;;;;;;;;;;;;;;;;
;;;;;;;;;;;;;;;;;;;;;;;;;
;;;;;;;;;;;;;;;;;;;;;;;;;
;;;;;;;;;;;;;;;;;;;;;;;;;
;;;;;;;;;;;;;;;;;;;;;;;;;
;;;;;;;;;;;;;;;;;;;;;;;;;
;;;;;;;;;;;;;;;;;;;;;;;;;
;;;;;;;;;;;;;;;;;;;;;;;;;
;;;;;;;;;;;;;;;;;;;;;;;;;
;;;;;;;;;;;;;;;;;;;;;;;;;
;;;;;;;;;;;;;;;;;;;;;;;;;
;;;;;;;;;;;;;;;;;;;;;;;;;
;;;;;;;;;;;;;;;;;;;;;;;;;
;;;;;;;;;;;;;;;;;;;;;;;;;
;;;;;;;;;;;;;;;;;;;;;;;;;
;;;;;;;;;;;;;;;;;;;;;;;;;
;;;;;;;;;;;;;;;;;;;;;;;;;
;;;;;;;;;;;;;;;;;;;;;;;;;
;;;;;;;;;;;;;;;;;;;;;;;;;
;;;;;;;;;;;;;;;;;;;;;;;;;
;;;;;;;;;;;;;;;;;;;;;;;;;
;;;;;;;;;;;;;;;;;;;;;;;;;
;;;;;;;;;;;;;;;;;;;;;;;;;
;;;;;;;;;;;;;;;;;;;;;;;;;
;;;;;;;;;;;;;;;;;;;;;;;;;
;;;;;;;;;;;;;;;;;;;;;;;;;
;;;;;;;;;;;;;;;;;;;;;;;;;
;;;;;;;;;;;;;;;;;;;;;;;;;
;;;;;;;;;;;;;;;;;;;;;;;;;
;;;;;;;;;;;;;;;;;;;;;;;;;
;;;;;;;;;;;;;;;;;;;;;;;;;
;;;;;;;;;;;;;;;;;;;;;;;;;
;;;;;;;;;;;;;;;;;;;;;;;;;
;;;;;;;;;;;;;;;;;;;;;;;;;
;;;;;;;;;;;;;;;;;;;;;;;;;
;;;;;;;;;;;;;;;;;;;;;;;;;
;;;;;;;;;;;;;;;;;;;;;;;;;
;;;;;;;;;;;;;;;;;;;;;;;;;
;;;;;;;;;;;;;;;;;;;;;;;;;
;;;;;;;;;;;;;;;;;;;;;;;;;
;;;;;;;;;;;;;;;;;;;;;;;;;
;;;;;;;;;;;;;;;;;;;;;;;;;
;;;;;;;;;;;;;;;;;;;;;;;;;
;;;;;;;;;;;;;;;;;;;;;;;;;
;;;;;;;;;;;;;;;;;;;;;;;;;
;;;;;;;;;;;;;;;;;;;;;;;;;
;;;;;;;;;;;;;;;;;;;;;;;;;
;;;;;;;;;;;;;;;;;;;;;;;;;
;;;;;;;;;;;;;;;;;;;;;;;;;
;;;;;;;;;;;;;;;;;;;;;;;;;
;;;;;;;;;;;;;;;;;;;;;;;;;
;;;;;;;;;;;;;;;;;;;;;;;;;
;;;;;;;;;;;;;;;;;;;;;;;;;
;;;;;;;;;;;;;;;;;;;;;;;;;
;;;;;;;;;;;;;;;;;;;;;;;;;
;;;;;;;;;;;;;;;;;;;;;;;;;
;;;;;;;;;;;;;;;;;;;;;;;;;
;;;;;;;;;;;;;;;;;;;;;;;;;
;;;;;;;;;;;;;;;;;;;;;;;;;
;;;;;;;;;;;;;;;;;;;;;;;;;
;;;;;;;;;;;;;;;;;;;;;;;;;
;;;;;;;;;;;;;;;;;;;;;;;;;
;;;;;;;;;;;;;;;;;;;;;;;;;
;;;;;;;;;;;;;;;;;;;;;;;;;
;;;;;;;;;;;;;;;;;;;;;;;;;
;;;;;;;;;;;;;;;;;;;;;;;;;
;;;;;;;;;;;;;;;;;;;;;;;;;
;;;;;;;;;;;;;;;;;;;;;;;;;
;;;;;;;;;;;;;;;;;;;;;;;;;
;;;;;;;;;;;;;;;;;;;;;;;;;
;;;;;;;;;;;;;;;;;;;;;;;;;
;;;;;;;;;;;;;;;;;;;;;;;;;
;;;;;;;;;;;;;;;;;;;;;;;;;
;;;;;;;;;;;;;;;;;;;;;;;;;
;;;;;;;;;;;;;;;;;;;;;;;;;
;;;;;;;;;;;;;;;;;;;;;;;;;
;;;;;;;;;;;;;;;;;;;;;;;;;
;;;;;;;;;;;;;;;;;;;;;;;;;
;;;;;;;;;;;;;;;;;;;;;;;;;
;;;;;;;;;;;;;;;;;;;;;;;;;
;;;;;;;;;;;;;;;;;;;;;;;;;
;;;;;;;;;;;;;;;;;;;;;;;;;
;;;;;;;;;;;;;;;;;;;;;;;;;
;;;;;;;;;;;;;;;;;;;;;;;;;
;;;;;;;;;;;;;;;;;;;;;;;;;
;;;;;;;;;;;;;;;;;;;;;;;;;
;;;;;;;;;;;;;;;;;;;;;;;;;
;;;;;;;;;;;;;;;;;;;;;;;;;
;;;;;;;;;;;;;;;;;;;;;;;;;
;;;;;;;;;;;;;;;;;;;;;;;;;
;;;;;;;;;;;;;;;;;;;;;;;;;
;;;;;;;;;;;;;;;;;;;;;;;;;
;;;;;;;;;;;;;;;;;;;;;;;;;
;;;;;;;;;;;;;;;;;;;;;;;;;
;;;;;;;;;;;;;;;;;;;;;;;;;
;;;;;;;;;;;;;;;;;;;;;;;;;
;;;;;;;;;;;;;;;;;;;;;;;;;
;;;;;;;;;;;;;;;;;;;;;;;;;
;;;;;;;;;;;;;;;;;;;;;;;;;
;;;;;;;;;;;;;;;;;;;;;;;;;
;;;;;;;;;;;;;;;;;;;;;;;;;
;;;;;;;;;;;;;;;;;;;;;;;;;
;;;;;;;;;;;;;;;;;;;;;;;;;
;;;;;;;;;;;;;;;;;;;;;;;;;
;;;;;;;;;;;;;;;;;;;;;;;;;
;;;;;;;;;;;;;;;;;;;;;;;;;
;;;;;;;;;;;;;;;;;;;;;;;;;
;;;;;;;;;;;;;;;;;;;;;;;;;
;;;;;;;;;;;;;;;;;;;;;;;;;
;;;;;;;;;;;;;;;;;;;;;;;;;
;;;;;;;;;;;;;;;;;;;;;;;;;
;;;;;;;;;;;;;;;;;;;;;;;;;
;;;;;;;;;;;;;;;;;;;;;;;;;
;;;;;;;;;;;;;;;;;;;;;;;;;
;;;;;;;;;;;;;;;;;;;;;;;;;
;;;;;;;;;;;;;;;;;;;;;;;;;
;;;;;;;;;;;;;;;;;;;;;;;;;
;;;;;;;;;;;;;;;;;;;;;;;;;
;;;;;;;;;;;;;;;;;;;;;;;;;
;;;;;;;;;;;;;;;;;;;;;;;;;
;;;;;;;;;;;;;;;;;;;;;;;;;
;;;;;;;;;;;;;;;;;;;;;;;;;
;;;;;;;;;;;;;;;;;;;;;;;;;
;;;;;;;;;;;;;;;;;;;;;;;;;
;;;;;;;;;;;;;;;;;;;;;;;;;
;;;;;;;;;;;;;;;;;;;;;;;;;
;;;;;;;;;;;;;;;;;;;;;;;;;
;;;;;;;;;;;;;;;;;;;;;;;;;
;;;;;;;;;;;;;;;;;;;;;;;;;
;;;;;;;;;;;;;;;;;;;;;;;;;
;;;;;;;;;;;;;;;;;;;;;;;;;
;;;;;;;;;;;;;;;;;;;;;;;;;
;;;;;;;;;;;;;;;;;;;;;;;;;
;;;;;;;;;;;;;;;;;;;;;;;;;
;;;;;;;;;;;;;;;;;;;;;;;;;
;;;;;;;;;;;;;;;;;;;;;;;;;
;;;;;;;;;;;;;;;;;;;;;;;;;
;;;;;;;;;;;;;;;;;;;;;;;;;
;;;;;;;;;;;;;;;;;;;;;;;;;
;;;;;;;;;;;;;;;;;;;;;;;;;
;;;;;;;;;;;;;;;;;;;;;;;;;
;;;;;;;;;;;;;;;;;;;;;;;;;
;;;;;;;;;;;;;;;;;;;;;;;;;
;;;;;;;;;;;;;;;;;;;;;;;;;
;;;;;;;;;;;;;;;;;;;;;;;;;
;;;;;;;;;;;;;;;;;;;;;;;;;
;;;;;;;;;;;;;;;;;;;;;;;;;
;;;;;;;;;;;;;;;;;;;;;;;;;
;;;;;;;;;;;;;;;;;;;;;;;;;
;;;;;;;;;;;;;;;;;;;;;;;;;
;;;;;;;;;;;;;;;;;;;;;;;;;
;;;;;;;;;;;;;;;;;;;;;;;;;
;;;;;;;;;;;;;;;;;;;;;;;;;
;;;;;;;;;;;;;;;;;;;;;;;;;
;;;;;;;;;;;;;;;;;;;;;;;;;
;;;;;;;;;;;;;;;;;;;;;;;;;
;;;;;;;;;;;;;;;;;;;;;;;;;
;;;;;;;;;;;;;;;;;;;;;;;;;
;;;;;;;;;;;;;;;;;;;;;;;;;
;;;;;;;;;;;;;;;;;;;;;;;;;
;;;;;;;;;;;;;;;;;;;;;;;;;
;;;;;;;;;;;;;;;;;;;;;;;;;
;;;;;;;;;;;;;;;;;;;;;;;;;
;;;;;;;;;;;;;;;;;;;;;;;;;
;;;;;;;;;;;;;;;;;;;;;;;;;
;;;;;;;;;;;;;;;;;;;;;;;;;
;;;;;;;;;;;;;;;;;;;;;;;;;
;;;;;;;;;;;;;;;;;;;;;;;;;
;;;;;;;;;;;;;;;;;;;;;;;;;
;;;;;;;;;;;;;;;;;;;;;;;;;
;;;;;;;;;;;;;;;;;;;;;;;;;
;;;;;;;;;;;;;;;;;;;;;;;;;
;;;;;;;;;;;;;;;;;;;;;;;;;
;;;;;;;;;;;;;;;;;;;;;;;;;
;;;;;;;;;;;;;;;;;;;;;;;;;
;;;;;;;;;;;;;;;;;;;;;;;;;
;;;;;;;;;;;;;;;;;;;;;;;;;
;;;;;;;;;;;;;;;;;;;;;;;;;
;;;;;;;;;;;;;;;;;;;;;;;;;
;;;;;;;;;;;;;;;;;;;;;;;;;
;;;;;;;;;;;;;;;;;;;;;;;;;
;;;;;;;;;;;;;;;;;;;;;;;;;
;;;;;;;;;;;;;;;;;;;;;;;;;
;;;;;;;;;;;;;;;;;;;;;;;;;
;;;;;;;;;;;;;;;;;;;;;;;;;
;;;;;;;;;;;;;;;;;;;;;;;;;
;;;;;;;;;;;;;;;;;;;;;;;;;
;;;;;;;;;;;;;;;;;;;;;;;;;
;;;;;;;;;;;;;;;;;;;;;;;;;
;;;;;;;;;;;;;;;;;;;;;;;;;
;;;;;;;;;;;;;;;;;;;;;;;;;
;;;;;;;;;;;;;;;;;;;;;;;;;
;;;;;;;;;;;;;;;;;;;;;;;;;
;;;;;;;;;;;;;;;;;;;;;;;;;
;;;;;;;;;;;;;;;;;;;;;;;;;
;;;;;;;;;;;;;;;;;;;;;;;;;
;;;;;;;;;;;;;;;;;;;;;;;;;
;;;;;;;;;;;;;;;;;;;;;;;;;
;;;;;;;;;;;;;;;;;;;;;;;;;
;;;;;;;;;;;;;;;;;;;;;;;;;
;;;;;;;;;;;;;;;;;;;;;;;;;
;;;;;;;;;;;;;;;;;;;;;;;;;
;;;;;;;;;;;;;;;;;;;;;;;;;
;;;;;;;;;;;;;;;;;;;;;;;;;
;;;;;;;;;;;;;;;;;;;;;;;;;
;;;;;;;;;;;;;;;;;;;;;;;;;
;;;;;;;;;;;;;;;;;;;;;;;;;
;;;;;;;;;;;;;;;;;;;;;;;;;
;;;;;;;;;;;;;;;;;;;;;;;;;
;;;;;;;;;;;;;;;;;;;;;;;;;
;;;;;;;;;;;;;;;;;;;;;;;;;
;;;;;;;;;;;;;;;;;;;;;;;;;
;;;;;;;;;;;;;;;;;;;;;;;;;
;;;;;;;;;;;;;;;;;;;;;;;;;
;;;;;;;;;;;;;;;;;;;;;;;;;
;;;;;;;;;;;;;;;;;;;;;;;;;
;;;;;;;;;;;;;;;;;;;;;;;;;
;;;;;;;;;;;;;;;;;;;;;;;;;
;;;;;;;;;;;;;;;;;;;;;;;;;
;;;;;;;;;;;;;;;;;;;;;;;;;
;;;;;;;;;;;;;;;;;;;;;;;;;
;;;;;;;;;;;;;;;;;;;;;;;;;
;;;;;;;;;;;;;;;;;;;;;;;;;
;;;;;;;;;;;;;;;;;;;;;;;;;
;;;;;;;;;;;;;;;;;;;;;;;;;
;;;;;;;;;;;;;;;;;;;;;;;;;
;;;;;;;;;;;;;;;;;;;;;;;;;
;;;;;;;;;;;;;;;;;;;;;;;;;
;;;;;;;;;;;;;;;;;;;;;;;;;
;;;;;;;;;;;;;;;;;;;;;;;;;
;;;;;;;;;;;;;;;;;;;;;;;;;
;;;;;;;;;;;;;;;;;;;;;;;;;
;;;;;;;;;;;;;;;;;;;;;;;;;
;;;;;;;;;;;;;;;;;;;;;;;;;
;;;;;;;;;;;;;;;;;;;;;;;;;
;;;;;;;;;;;;;;;;;;;;;;;;;
;;;;;;;;;;;;;;;;;;;;;;;;;
;;;;;;;;;;;;;;;;;;;;;;;;;
;;;;;;;;;;;;;;;;;;;;;;;;;
;;;;;;;;;;;;;;;;;;;;;;;;;
;;;;;;;;;;;;;;;;;;;;;;;;;
;;;;;;;;;;;;;;;;;;;;;;;;;
;;;;;;;;;;;;;;;;;;;;;;;;;
;;;;;;;;;;;;;;;;;;;;;;;;;
;;;;;;;;;;;;;;;;;;;;;;;;;
;;;;;;;;;;;;;;;;;;;;;;;;;
;;;;;;;;;;;;;;;;;;;;;;;;;
;;;;;;;;;;;;;;;;;;;;;;;;;
;;;;;;;;;;;;;;;;;;;;;;;;;
;;;;;;;;;;;;;;;;;;;;;;;;;
;;;;;;;;;;;;;;;;;;;;;;;;;
;;;;;;;;;;;;;;;;;;;;;;;;;
;;;;;;;;;;;;;;;;;;;;;;;;;
;;;;;;;;;;;;;;;;;;;;;;;;;
;;;;;;;;;;;;;;;;;;;;;;;;;
;;;;;;;;;;;;;;;;;;;;;;;;;
;;;;;;;;;;;;;;;;;;;;;;;;;
;;;;;;;;;;;;;;;;;;;;;;;;;
;;;;;;;;;;;;;;;;;;;;;;;;;
;;;;;;;;;;;;;;;;;;;;;;;;;
;;;;;;;;;;;;;;;;;;;;;;;;;
;;;;;;;;;;;;;;;;;;;;;;;;;
;;;;;;;;;;;;;;;;;;;;;;;;;
;;;;;;;;;;;;;;;;;;;;;;;;;
;;;;;;;;;;;;;;;;;;;;;;;;;
;;;;;;;;;;;;;;;;;;;;;;;;;
;;;;;;;;;;;;;;;;;;;;;;;;;
;;;;;;;;;;;;;;;;;;;;;;;;;
;;;;;;;;;;;;;;;;;;;;;;;;;
;;;;;;;;;;;;;;;;;;;;;;;;;
;;;;;;;;;;;;;;;;;;;;;;;;;
;;;;;;;;;;;;;;;;;;;;;;;;;
;;;;;;;;;;;;;;;;;;;;;;;;;
;;;;;;;;;;;;;;;;;;;;;;;;;
;;;;;;;;;;;;;;;;;;;;;;;;;
;;;;;;;;;;;;;;;;;;;;;;;;;
;;;;;;;;;;;;;;;;;;;;;;;;;
;;;;;;;;;;;;;;;;;;;;;;;;;
;;;;;;;;;;;;;;;;;;;;;;;;;
;;;;;;;;;;;;;;;;;;;;;;;;;
;;;;;;;;;;;;;;;;;;;;;;;;;
;;;;;;;;;;;;;;;;;;;;;;;;;
;;;;;;;;;;;;;;;;;;;;;;;;;
;;;;;;;;;;;;;;;;;;;;;;;;;
;;;;;;;;;;;;;;;;;;;;;;;;;
;;;;;;;;;;;;;;;;;;;;;;;;;
;;;;;;;;;;;;;;;;;;;;;;;;;
;;;;;;;;;;;;;;;;;;;;;;;;;
;;;;;;;;;;;;;;;;;;;;;;;;;
;;;;;;;;;;;;;;;;;;;;;;;;;
;;;;;;;;;;;;;;;;;;;;;;;;;
;;;;;;;;;;;;;;;;;;;;;;;;;
;;;;;;;;;;;;;;;;;;;;;;;;;
;;;;;;;;;;;;;;;;;;;;;;;;;
;;;;;;;;;;;;;;;;;;;;;;;;;
;;;;;;;;;;;;;;;;;;;;;;;;;
;;;;;;;;;;;;;;;;;;;;;;;;;
;;;;;;;;;;;;;;;;;;;;;;;;;
;;;;;;;;;;;;;;;;;;;;;;;;;
;;;;;;;;;;;;;;;;;;;;;;;;;
;;;;;;;;;;;;;;;;;;;;;;;;;
;;;;;;;;;;;;;;;;;;;;;;;;;
;;;;;;;;;;;;;;;;;;;;;;;;;
;;;;;;;;;;;;;;;;;;;;;;;;;
;;;;;;;;;;;;;;;;;;;;;;;;;
;;;;;;;;;;;;;;;;;;;;;;;;;
;;;;;;;;;;;;;;;;;;;;;;;;;
;;;;;;;;;;;;;;;;;;;;;;;;;
;;;;;;;;;;;;;;;;;;;;;;;;;
;;;;;;;;;;;;;;;;;;;;;;;;;
;;;;;;;;;;;;;;;;;;;;;;;;;
;;;;;;;;;;;;;;;;;;;;;;;;;
;;;;;;;;;;;;;;;;;;;;;;;;;
;;;;;;;;;;;;;;;;;;;;;;;;;
;;;;;;;;;;;;;;;;;;;;;;;;;
;;;;;;;;;;;;;;;;;;;;;;;;;
;;;;;;;;;;;;;;;;;;;;;;;;;
;;;;;;;;;;;;;;;;;;;;;;;;;
;;;;;;;;;;;;;;;;;;;;;;;;;
;;;;;;;;;;;;;;;;;;;;;;;;;
;;;;;;;;;;;;;;;;;;;;;;;;;
;;;;;;;;;;;;;;;;;;;;;;;;;
;;;;;;;;;;;;;;;;;;;;;;;;;
;;;;;;;;;;;;;;;;;;;;;;;;;
;;;;;;;;;;;;;;;;;;;;;;;;;
;;;;;;;;;;;;;;;;;;;;;;;;;
;;;;;;;;;;;;;;;;;;;;;;;;;
;;;;;;;;;;;;;;;;;;;;;;;;;
;;;;;;;;;;;;;;;;;;;;;;;;;
;;;;;;;;;;;;;;;;;;;;;;;;;
;;;;;;;;;;;;;;;;;;;;;;;;;
;;;;;;;;;;;;;;;;;;;;;;;;;
;;;;;;;;;;;;;;;;;;;;;;;;;
;;;;;;;;;;;;;;;;;;;;;;;;;
